Id,Exclusion_List
1,adolescence
2,amatory
3,amorous
4,anal
5,aromantic
6,arouse
7,artificial pussy
8,bra
8,asexual
9,avent breast pump
10,bacterial
11,bawdy
12,besser b - health breast cream
13,best bra for heavy breast
14,blow
15,bob tape for big breast
16,boob
17,bosom capsule for breast
18,bra for heavy breast full coverage
19,bra for sagging breast for women
20,bra full coverage for women heavy breast
21,breast
22,breast cream
23,breast cream for breast size growth
24,breast enlargement
25,breast enlargement capsules
26,breast enlargement cream
27,breast enlargement cream for women
28,breast enlargement cream for women fast
29,breast enlargement oil for women
30,breast enlargement pump
31,breast feeding bra for women
32,breast feeding cloth for women
33,breast feeding nighty for women cotton
34,breast feeding pillows
35,breast feeding pumping machine
36,breast firming cream for sagging breast
37,breast growth cream for women
38,breast increase capsules for women
39,breast increase cream
40,breast increase cream for women
41,breast increase oil for women
42,breast lift tape
43,breast lifting bra for women
44,breast massage oil for women
45,breast massager
46,breast massager machine
47,breast milk pump
48,breast milk storage bag
49,breast milk storage bottles
50,breast oil
51,breast oil for breast size growth
52,breast pad
53,breast pad disposable
54,breast pad for feeding women
55,breast pad reusable washable
56,breast pads
57,breast pads for bra
58,breast pads for feeding mothers disposable
59,breast pads for women reusable
60,breast pads washable
61,breast pump
62,breast pump automatic
63,breast pump electric
64,breast pump electrical
65,breast pump electrical philips
66,breast pump manual
67,breast pump manual with feeding glass bottle
68,breast pump philips
69,breast pump philips avent
70,breast pumps
71,breast pumps electric
72,breast pumps electronic
73,breast reduce belt for women
74,breast reduction cream for women
75,breast shaper
76,breast shapewear for women
77,breast shield for feeding
78,breast size increase cream for women
79,breast tape
80,breast tightening bra
81,breast tightening cream for sagging breast
82,breast tightening cream for women
83,breast tightening oil for women
84,breastfeeding
85,breastfeeding bra
86,breastfeeding dresses for women
87,breastfeeding kurtis for women with zip
88,breastfeeding pillow
89,breastfeeding pump
90,breastil mantra gel
91,breastmilk storage bags
92,brexelant breast cream
93,brexelant cream breast size growth
94,bt 36 breast cream for women
95,bust
96,carnal
97,cervix
98,chemex
99,chemsex
100,chemtex
101,chicco breast pump
102,chicken breast
103,clitori
104,codom
105,condaoms
106,condo
107,condom
108,contraception
109,coregasm
110,crossdresser breast forms
111,cum
112,dandelion root tea for breast enlargement
113,dick
114,dildo
115,dilodo
116,dogg
117,dopamine
118,dyke
119,dysphoria
120,ectopic
121,ejaculate
122,electric breast pump
123,electric breast pump automatic
124,electric pump for breastfeeding
125,embryo
126,endometrio
127,enlarge cream for girls breast
128,erect
129,erogenous
130,estrogen
131,estrogen pills for
132,fake breast
133,fake pussy
134,fallopian
135,fellatio
136,fenugreek capsules for breast enlargement
137,fenugreek oil for breast enlargement
138,fertilisation
139,fertility
140,filthy
141,finger ring
142,finger rings
143,fingering
144,fingerlings
145,foetus
146,foreplay
147,fuking
147,fuck
148,full cup bra for heavy breast
149,full support bra for sagging breast
150,galact powder for breast milk
151,gonorrhoea
152,haakaa breast pump
153,hakka breast pump
154,hand
155,hepatitis
156,herpes
157,heterosexual
158,hymen
159,immodest
160,implants
161,impotence
162,incest
163,indecent
164,infertile
165,inlife b enhance breast enlargement cream
166,inlife breast tightening cream for women
167,intersex
168,intimate
169,jism
170,jonny
171,kurtis
172,labia
173,lactation cookies for breastfeeding
174,lactonic granules powder for breast milk
175,lecher
176,lesb
177,lesbian
178,levonelle
179,lewd
180,libido
181,lick
182,lift up bra for sagging breast
183,luvlap breast pads
184,luvlap breast pump
185,luvlap electric breast pump
186,luvlap manual breast pump
187,madela breast pump
188,manual breast pump
189,masturbat
190,masturbate
191,masturbation
192,maternity breast pads after delivery for women
193,medela breast pump
194,medela electric breast pump
195,medela mini electric breast pump
196,mee mee breast pump
197,menstruation
198,milk pump for breastfeeding
199,minimizer bra for heavy breast women
200,mirena
201,miscarriage
202,mucky
203,naturaful breast enlargement cream
204,nipple
205,nursing cover for breastfeeding
206,nursing pads for breastfeeding washable
207,nursing pillow for breastfeeding
208,nursing tops for breastfeeding
209,obscene
210,oestrogen
211,orgasm
212,ovaries
213,ovary
214,ovulation
215,paedophilia
216,pansexual
217,pasties for breast
218,pelvic
219,penetrative
220,penis
221,pennis
222,penting
223,perfect bra for heavy breast
224,petting
225,philips avent breast pump
226,philips breast pump
227,philips breast pump electric
228,pigeon breast pump
229,pigeon electric breast pump
230,pocket pussy
231,pocket pussy foot for men
232,pocket pussy foot for men toys
233,porn
234,potent
235,prophylactic
236,prostate
237,prurient
238,puberty
239,pumping machine for breast milk
240,pussy
241,pussy cat girl toy for men
242,pussy foot for men
243,pussy for men
244,pussy toy
245,pussy vibrating machine
246,pussy vibration machine
247,queer
248,rape
249,reusable breast pads
250,rimming
251,romantic
252,sax
252,rubber
253,sagging breast tightening bra
254,satavari poweder breast milk increase
255,satavari tablet breast increase
256,scrotum
257,semen
258,sensual
259,sex
260,shag
261,sharg
262,shatavari powder for breast milk
263,sheath
264,shigella
265,silicon breast
266,silicon breast for crossdressers
267,silicon pussy
268,silicone breast
269,smegma
270,smutty
271,snog
272,spectra breast pump
273,sperm
274,sports bra for heavy breast women
275,squirt
276,sterilisation
277,strapless bra for heavy breast
278,sudol breast cream for breast size growth
279,suggestive
280,support bra for sagging breast for women
281,syga breast pump manual
282,syphilis
283,tampon
284,tampons
285,tampoon
286,tampoons
287,tempons
288,testicle
289,testosterone
290,thrush
291,tits
292,toy pussy
293,trumom electric breast pump
294,urethra
295,urethritis
296,vagin
297,vaginosis
298,viberator
299,vibrater
300,vibratingpussy
301,vibrator
302,virgin
303,vulgar
304,vulva
305,wanking
306,warts
307,womb
1000,download
1000,ringtone
1000,customer care
1000,messages
1000,whats app
1000,booking
1000,prime
1000,daily spin and win
1000,funzone spin and win
1000,amazon pay icici bank credit card
1000,spin and win
1000,gfuel
1000,y12g
1000,galaxy buds 2
1000,vivo y 20t
1000,sony zv1
1000,p50 pro
1000,aaj tak ka news
1000,play store gift code
1000,kyc update amazon pay account
1000,mobile recharge jio
1000,2020 apple macbook air laptop apple m1 chip 13 retina display 8gb ram 256gb ssd storage backlit keyboard facetime hd camera touch id works with iphone ipad space gray
1000,2020 apple macbook air laptop apple m1 chip 13 retina display 8gb ram 256gb ssd storage backlit keyboard facetime hd camera touch id works with iphone ipad gold
1000,2020 apple macbook air laptop apple m1 chip 13 retina display 8gb ram 256gb ssd storage backlit keyboard facetime hd camera touch id works with iphone ipad silver
1000,2020 apple macbook air laptop apple m1 chip 13 retina display 8gb ram 512gb ssd storage backlit keyboard facetime hd camera touch id works with iphone ipad silver
1000,iphone
1000,iphone 12
1000,iphone 13
1000,iphone 11
1000,iphone 12 mini
1000,iphone 13 pro max
1000,iphone 13 pro
1000,iphone 13 +
1000,iphone 11 pro
1000,iphone 8
1000,iphone xr
1000,iphone 7
1000,iphone 13 pro + max
1000,iphone 12 pro max
1000,iphone 12 pro
1000,iphone 12 pro +
1000,iphone x
1000,iphone 13 mini
1000,reebok zig kinetica shoes men
